Date,Max,Min,Avg,Rainfall
1-Jan-2009,29.0,15.0,22.0,-
2-Jan-2009,29.5,14.5,22.0,-
3-Jan-2009,29.0,14.0,21.5,-
4-Jan-2009,29.5,13.5,21.5,-
5-Jan-2009,30.0,14.5,22.3,-
6-Jan-2009,28.0,13.0,20.5,-
7-Jan-2009,29.0,13.5,21.3,-
8-Jan-2009,30.0,14.5,22.3,-
9-Jan-2009,31.0,15.0,23.0,-
10-Jan-2009,29.6,15.5,22.6,-
11-Jan-2009,30.0,15.0,22.5,-
12-Jan-2009,29.5,17.0,23.3,-
13-Jan-2009,29.8,15.5,22.7,-
14-Jan-2009,30.5,14.0,22.3,-
15-Jan-2009,30.0,13.5,21.8,-
16-Jan-2009,29.0,13.5,21.3,-
17-Jan-2009,29.5,15.0,22.3,-
18-Jan-2009,30.0,14.5,22.3,-
19-Jan-2009,30.5,16.0,23.3,-
20-Jan-2009,31.0,17.0,24.0,-
21-Jan-2009,29.0,18.0,23.5,-
22-Jan-2009,29.0,17.0,23.0,-
23-Jan-2009,29.5,15.0,22.3,-
24-Jan-2009,29.0,15.0,22.0,-
25-Jan-2009,29.5,17.0,23.3,-
26-Jan-2009,29.0,17.0,23.0,-
27-Jan-2009,28.8,17.5,23.2,-
28-Jan-2009,30.0,18.0,24.0,-
29-Jan-2009,31.0,19.0,25.0,-
30-Jan-2009,30.5,14.0,22.3,-
31-Jan-2009,29.5,17.5,23.5,-
1-Feb-2009,31.5,17.0,24.3,-
2-Feb-2009,31.5,15.5,23.5,-
3-Feb-2009,29.0,16.0,22.5,-
4-Feb-2009,30.0,15.5,22.8,-
5-Feb-2009,30.5,15.5,23.0,-
6-Feb-2009,31.0,17.5,24.3,-
7-Feb-2009,33.0,16.0,24.5,-
8-Feb-2009,34.0,15.0,24.5,-
9-Feb-2009,34.0,20.0,27.0,-
10-Feb-2009,33.0,17.0,25.0,-
11-Feb-2009,32.0,17.0,24.5,-
12-Feb-2009,34.0,16.0,25.0,-
13-Feb-2009,31.0,19.0,25.0,-
14-Feb-2009,32.0,18.5,25.3,-
15-Feb-2009,32.0,19.0,25.5,-
16-Feb-2009,34.0,18.0,26.0,-
17-Feb-2009,33.0,17.0,25.0,-
18-Feb-2009,34.0,18.0,26.0,-
19-Feb-2009,35.0,18.0,26.5,-
20-Feb-2009,35.0,19.0,27.0,-
21-Feb-2009,35.0,19.5,27.3,-
22-Feb-2009,34.5,17.0,25.8,-
23-Feb-2009,34.0,16.0,25.0,-
24-Feb-2009,34.0,17.0,25.5,-
25-Feb-2009,35.0,20.0,27.5,-
26-Feb-2009,34.0,19.0,26.5,-
27-Feb-2009,34.5,20.5,27.5,-
28-Feb-2009,34.5,21.5,28.0,-
1-Mar-2009,34.5,19.5,27.0,-
2-Mar-2009,34.0,20.0,27.0,-
3-Mar-2009,36.0,19.0,27.5,-
4-Mar-2009,35.0,20.0,27.5,-
5-Mar-2009,33.5,20.5,27.0,-
6-Mar-2009,35.0,21.5,28.3,-
7-Mar-2009,35.0,20.5,27.8,-
8-Mar-2009,35.0,20.5,27.8,-
9-Mar-2009,36.5,21.0,28.8,-
10-Mar-2009,37.5,23.0,30.3,-
11-Mar-2009,37.5,23.0,30.3,-
12-Mar-2009,34.0,22.0,28.0,-
13-Mar-2009,35.0,21.0,28.0,-
14-Mar-2009,36.0,20.0,28.0,-
15-Mar-2009,37.0,21.5,29.3,-
16-Mar-2009,34.0,22.0,28.0,-
17-Mar-2009,33.0,21.0,27.0,-
18-Mar-2009,35.0,21.5,28.3,-
19-Mar-2009,37.0,21.0,29.0,-
20-Mar-2009,35.0,20.0,27.5,-
21-Mar-2009,35.0,19.0,27.0,-
22-Mar-2009,37.0,22.0,29.5,-
23-Mar-2009,35.0,21.0,28.0,-
24-Mar-2009,37.0,22.0,29.5,-
25-Mar-2009,37.0,24.0,30.5,-
26-Mar-2009,37.0,23.0,30.0,-
27-Mar-2009,36.0,22.0,29.0,-
28-Mar-2009,36.0,21.0,28.5,-
29-Mar-2009,36.5,22.0,29.3,-
30-Mar-2009,36.0,24.0,30.0,-
31-Mar-2009,35.0,24.0,29.5,19.0
1-Apr-2009,34.0,19.0,26.5,-
2-Apr-2009,36.0,23.5,29.8,-
3-Apr-2009,35.0,23.0,29.0,-
4-Apr-2009,35.5,23.0,29.3,-
5-Apr-2009,36.0,25.0,30.5,-
6-Apr-2009,37.0,24.0,30.5,-
7-Apr-2009,35.0,24.0,29.5,-
8-Apr-2009,36.0,24.0,30.0,-
9-Apr-2009,37.0,24.5,30.8,-
10-Apr-2009,37.0,25.0,31.0,-
11-Apr-2009,36.5,24.0,30.3,-
12-Apr-2009,37.5,24.0,30.8,-
13-Apr-2009,37.5,23.5,30.5,-
14-Apr-2009,39.0,25.0,32.0,-
15-Apr-2009,39.0,25.0,32.0,-
16-Apr-2009,38.0,26.5,32.3,37.0
17-Apr-2009,33.0,23.5,28.3,46.0
18-Apr-2009,31.5,24.0,27.8,-
19-Apr-2009,34.0,26.5,30.3,-
20-Apr-2009,35.0,26.0,30.5,-
21-Apr-2009,34.0,25.0,29.5,-
22-Apr-2009,34.5,27.0,30.8,2.0
23-Apr-2009,35.0,27.0,31.0,-
24-Apr-2009,33.0,26.0,29.5,-
25-Apr-2009,36.0,26.0,31.0,-
26-Apr-2009,37.0,25.5,31.3,-
27-Apr-2009,36.0,25.0,30.5,-
28-Apr-2009,37.0,25.0,31.0,-
29-Apr-2009,35.0,25.0,30.0,-
30-Apr-2009,35.5,25.0,30.3,-
01-May-09,37.0,25.0,31.0,-
02-May-09,37.0,24.5,30.8,44.0
03-May-09,36.5,22.0,29.3,1.0
04-May-09,33.0,22.5,27.8,-
05-May-09,35.0,25.0,30.0,-
06-May-09,37.0,25.0,31.0,25.5
07-May-09,36.0,25.5,30.8,-
08-May-09,35.0,26.5,30.8,-
09-May-09,35.5,26.0,30.8,-
10-May-09,37.0,26.0,31.5,-
11-May-09,37.0,23.0,30.0,3.0
12-May-09,35.0,24.0,29.5,-
13-May-09,36.0,25.0,30.5,2.0
14-May-09,37.0,22.0,29.5,-
15-May-09,29.0,22.0,25.5,-
16-May-09,36.0,25.0,30.5,-
17-May-09,37.0,24.0,30.5,-
18-May-09,36.0,26.0,31.0,5.0
19-May-09,34.0,25.0,29.5,-
20-May-09,36.0,26.0,31.0,-
21-May-09,37.0,25.0,31.0,3.0
22-May-09,38.0,24.0,31.0,24.0
23-May-09,38.5,23.0,30.8,30.0
24-May-09,35.0,24.0,29.5,41.0
25-May-09,36.0,24.0,30.0,25.0
26-May-09,32.0,23.0,27.5,120.0
27-May-09,31.0,25.0,28.0,-
28-May-09,34.0,20.0,27.0,-
29-May-09,34.0,24.2,29.1,-
30-May-09,34.0,22.0,28.0,-
31-May-09,34.5,25.0,29.8,-
01-Jun-09,32.0,25.0,28.5,-
02-Jun-09,30.0,24.0,27.0,7.0
03-Jun-09,33.0,23.0,28.0,-
04-Jun-09,34.0,24.0,29.0,55.0
05-Jun-09,35.0,24.0,29.5,35.0
06-Jun-09,34.0,25.0,29.5,7.0
07-Jun-09,32.0,25.0,28.5,-
08-Jun-09,33.0,21.0,27.0,24.0
09-Jun-09,29.0,21.0,25.0,-
10-Jun-09,33.0,26.0,29.5,-
11-Jun-09,35.0,26.0,30.5,-
12-Jun-09,34.0,25.0,29.5,-
13-Jun-09,34.5,25.0,29.8,-
14-Jun-09,35.0,26.5,30.8,-
15-Jun-09,34.5,26.0,30.3,-
16-Jun-09,35.0,26.0,30.5,-
17-Jun-09,36.0,27.5,31.8,9.0
18-Jun-09,37.0,24.0,30.5,4.0
19-Jun-09,35.0,25.0,30.0,5.0
20-Jun-09,34.0,25.0,29.5,-
21-Jun-09,32.0,25.5,28.8,-
22-Jun-09,35.0,26.0,30.5,-
23-Jun-09,35.0,26.0,30.5,-
24-Jun-09,36.0,25.0,30.5,7.8
25-Jun-09,34.5,25.5,30.0,-
26-Jun-09,34.0,25.0,29.5,-
27-Jun-09,35.0,25.0,30.0,85.0
28-Jun-09,30.0,24.0,27.0,24.0
29-Jun-09,29.0,24.0,26.5,83.0
30-Jun-09,30.4,24.0,27.2,57.0
1-Jul-2009,30.0,24.0,27.0,55.0
2-Jul-2009,29.0,24.0,26.5,6.0
3-Jul-2009,29.0,25.0,27.0,18.0
4-Jul-2009,32.0,24.5,28.3,13.0
5-Jul-2009,34.0,25.0,29.5,-
6-Jul-2009,33.0,26.0,29.5,14.0
7-Jul-2009,30.0,25.0,27.5,5.0
8-Jul-2009,30.0,24.0,27.0,6.0
9-Jul-2009,30.0,25.0,27.5,4.0
10-Jul-2009,30.0,24.0,27.0,9.0
11-Jul-2009,32.0,25.0,28.5,2.0
12-Jul-2009,30.0,25.0,27.5,2.0
13-Jul-2009,32.0,25.5,28.8,5.0
14-Jul-2009,35.0,25.5,30.3,-
15-Jul-2009,33.0,24.0,28.5,5.0
16-Jul-2009,30.5,24.5,27.5,9.0
17-Jul-2009,30.0,24.5,27.3,-
18-Jul-2009,34.0,24.5,29.3,8.0
19-Jul-2009,30.0,25.0,27.5,-
20-Jul-2009,34.0,25.0,29.5,5.0
21-Jul-2009,33.0,25.0,29.0,7.0
22-Jul-2009,32.0,25.0,28.5,34.0
23-Jul-2009,33.0,25.0,29.0,8.0
24-Jul-2009,33.0,24.5,28.8,-
25-Jul-2009,33.5,26.5,30.0,3.0
26-Jul-2009,35.0,25.0,30.0,13.0
27-Jul-2009,34.5,25.0,29.8,62.0
28-Jul-2009,27.0,24.0,25.5,176.0
29-Jul-2009,29.0,24.0,26.5,86.0
30-Jul-2009,27.0,24.0,25.5,6.0
31-Jul-2009,29.0,24.0,26.5,15.0
1-Aug-2009,28.0,25.0,26.5,4.0
2-Aug-2009,31.0,25.5,28.3,1.0
3-Aug-2009,34.0,26.0,30.0,40.0
4-Aug-2009,33.0,26.0,29.5,65.0
5-Aug-2009,34.0,26.0,30.0,16.0
6-Aug-2009,33.0,26.0,29.5,8.0
7-Aug-2009,35.0,25.0,30.0,-
8-Aug-2009,32.0,25.0,28.5,5.0
9-Aug-2009,32.0,25.0,28.5,3.0
10-Aug-2009,33.0,25.0,29.0,-
11-Aug-2009,34.0,26.0,30.0,-
12-Aug-2009,35.0,25.0,30.0,-
13-Aug-2009,31.0,25.0,28.0,4.0
14-Aug-2009,31.0,25.5,28.3,5.0
15-Aug-2009,34.0,25.0,29.5,11.0
16-Aug-2009,32.0,24.5,28.3,-
17-Aug-2009,33.0,26.0,29.5,13.0
18-Aug-2009,34.0,24.0,29.0,11.0
19-Aug-2009,32.0,25.0,28.5,135.0
20-Aug-2009,31.0,24.0,27.5,70.0
21-Aug-2009,30.5,24.5,27.5,37.0
22-Aug-2009,28.0,23.0,25.5,3.0
23-Aug-2009,27.5,23.0,25.3,6.0
24-Aug-2009,30.0,24.5,27.3,20.5
25-Aug-2009,34.0,24.0,29.0,-
26-Aug-2009,34.0,25.0,29.5,-
27-Aug-2009,29.5,24.0,26.8,-
28-Aug-2009,30.5,24.0,27.3,-
29-Aug-2009,35.0,26.0,30.5,1.0
30-Aug-2009,34.0,24.5,29.3,2.0
31-Aug-2009,31.0,25.0,28.0,10.0
1-Sep-2009,34.0,25.0,29.5,8.0
2-Sep-2009,35.0,24.0,29.5,1.0
3-Sep-2009,35.0,25.0,30.0,1.0
4-Sep-2009,32.0,25.0,28.5,2.0
5-Sep-2009,31.0,25.5,28.3,2.0
6-Sep-2009,32.0,25.0,28.5,-
7-Sep-2009,33.5,24.5,29.0,23.0
8-Sep-2009,33.0,24.0,28.5,2.0
9-Sep-2009,29.0,24.0,26.5,7.0
10-Sep-2009,32.0,24.5,28.3,-
11-Sep-2009,33.0,24.0,28.5,1.0
12-Sep-2009,34.0,25.0,29.5,1.0
13-Sep-2009,35.0,26.0,30.5,6.0
14-Sep-2009,34.0,24.0,29.0,27.0
15-Sep-2009,30.0,24.0,27.0,1.0
16-Sep-2009,31.0,25.0,28.0,2.0
17-Sep-2009,30.0,24.0,27.0,1.0
18-Sep-2009,33.0,25.0,29.0,17.0
19-Sep-2009,33.0,24.0,28.5,55.0
20-Sep-2009,34.0,24.0,29.0,3.0
21-Sep-2009,31.0,24.0,27.5,1.0
22-Sep-2009,30.0,24.0,27.0,36.0
23-Sep-2009,33.0,24.0,28.5,33.0
24-Sep-2009,32.0,24.0,28.0,-
25-Sep-2009,34.0,24.0,29.0,-
26-Sep-2009,34.0,24.0,29.0,3.0
27-Sep-2009,34.0,24.0,29.0,2.0
28-Sep-2009,32.0,25.0,28.5,4.0
29-Sep-2009,34.0,24.0,29.0,16.0
30-Sep-2009,34.0,23.0,28.5,8.0
1-Oct-2009,34.0,25.0,29.5,-
2-Oct-2009,33.0,26.0,29.5,16.0
3-Oct-2009,34.0,24.0,29.0,33.0
4-Oct-2009,33.0,24.0,28.5,31.0
5-Oct-2009,32.0,24.0,28.0,-
6-Oct-2009,32.0,25.0,28.5,1.0
7-Oct-2009,31.0,25.0,28.0,-
8-Oct-2009,34.0,25.5,29.8,2.0
9-Oct-2009,32.0,24.5,28.3,-
10-Oct-2009,31.0,25.0,28.0,-
11-Oct-2009,32.0,24.0,28.0,1.0
12-Oct-2009,32.0,25.0,28.5,-
13-Oct-2009,34.0,25.0,29.5,-
14-Oct-2009,34.5,25.0,29.8,13.0
15-Oct-2009,34.0,23.5,28.8,22.0
16-Oct-2009,32.5,23.5,28.0,7.0
17-Oct-2009,30.5,24.0,27.3,-
18-Oct-2009,32.0,24.0,28.0,-
19-Oct-2009,34.0,24.0,29.0,-
20-Oct-2009,32.0,24.0,28.0,-
21-Oct-2009,32.0,21.0,26.5,-
22-Oct-2009,32.0,22.0,27.0,-
23-Oct-2009,33.0,23.0,28.0,-
24-Oct-2009,34.0,22.0,28.0,-
25-Oct-2009,34.0,23.0,28.5,-
26-Oct-2009,34.0,24.0,29.0,-
27-Oct-2009,34.0,23.0,28.5,-
28-Oct-2009,33.0,22.0,27.5,-
29-Oct-2009,34.0,24.0,29.0,-
30-Oct-2009,35.0,23.0,29.0,-
31-Oct-2009,35.0,22.0,28.5,-
1-Nov-09,34.0,21.0,27.5,-
2-Nov-09,35.0,23.0,29.0,-
3-Nov-09,34.0,22.0,28.0,-
4-Nov-09,34.0,21.0,27.5,-
5-Nov-09,34.0,24.0,29.0,-
6-Nov-09,30.0,21.0,25.5,-
7-Nov-09,32.5,22.5,27.5,-
8-Nov-09,33.0,22.5,27.8,-
9-Nov-09,33.0,21.0,27.0,-
10-Nov-09,32.0,20.5,26.3,-
11-Nov-09,32.0,22.0,27.0,-
12-Nov-09,32.5,19.5,26.0,-
13-Nov-09,32.0,20.0,26.0,-
14-Nov-09,33.0,20.5,26.8,-
15-Nov-09,34.0,24.0,29.0,6.0
16-Nov-09,33.0,23.0,28.0,-
17-Nov-09,32.0,22.5,27.3,-
18-Nov-09,32.0,23.0,27.5,22.0
19-Nov-09,29.5,22.0,25.8,2.0
20-Nov-09,26.5,22.5,24.5,-
21-Nov-09,32.0,21.0,26.5,-
22-Nov-09,32.0,22.0,27.0,-
23-Nov-09,33.0,23.0,28.0,-
24-Nov-09,34.0,22.0,28.0,-
25-Nov-09,34.0,23.0,28.5,-
26-Nov-09,34.0,24.0,29.0,-
27-Nov-09,34.0,23.0,28.5,-
28-Nov-09,33.0,22.0,27.5,-
29-Nov-09,34.0,24.0,29.0,-
30-Nov-09,35.0,23.0,29.0,-
1-Dec-2009,31.0,18.5,24.8,
2-Dec-2009,30.5,18.0,24.3,
3-Dec-2009,31.0,24.0,27.5,
4-Dec-2009,31.0,17.5,24.3,
5-Dec-2009,29.0,17.5,23.3,
6-Dec-2009,30.0,18.0,24.0,
7-Dec-2009,29.5,18.0,23.8,
8-Dec-2009,29.0,17.0,23.0,
9-Dec-2009,23.0,16.0,19.5,
10-Dec-2009,29.0,16.0,22.5,
11-Dec-2009,29.0,16.0,22.5,
12-Dec-2009,29.0,17.0,23.0,
13-Dec-2009,30.0,15.0,22.5,
14-Dec-2009,30.5,15.5,23.0,
15-Dec-2009,29.0,17.0,23.0,
16-Dec-2009,28.0,18.0,23.0,
17-Dec-2009,29.0,18.0,23.5,
18-Dec-2009,27.0,17.0,22.0,
19-Dec-2009,28.5,16.5,22.5,
20-Dec-2009,29.5,17.5,23.5,
21-Dec-2009,28.5,16,22.3,
22-Dec-2009,27.5,14.5,21.0,
23-Dec-2009,27.0,14.0,20.5,
24-Dec-2009,27.0,15.0,21.0,
25-Dec-2009,27.0,15.0,21.0,
26-Dec-2009,25.0,14.0,19.5,
27-Dec-2009,26.0,13.0,19.5,
28-Dec-2009,27.0,12.0,19.5,
29-Dec-2009,27.0,14.0,20.5,
30-Dec-2009,26.0,14.0,20.0,
31-Dec-2009,28.0,15.0,21.5,
1-Jan-2010,27.5,15.5,21.5,-
2-Jan-2010,26.0,12.5,19.3,-
3-Jan-2010,28.0,14.0,21.0,-
4-Jan-2010,29.0,13.5,21.3,-
5-Jan-2010,28.0,12.5,20.3,-
6-Jan-2010,25.0,13.0,19.0,-
7-Jan-2010,26.0,14.0,20.0,-
8-Jan-2010,30.0,15.0,22.5,-
9-Jan-2010,32.0,17.5,24.8,-
10-Jan-2010,31.0,16.0,23.5,-
11-Jan-2010,28.0,16.0,22.0,-
12-Jan-2010,28.5,14.0,21.3,-
13-Jan-2010,27.0,11.0,19.0,-
14-Jan-2010,28.0,15.0,21.5,-
15-Jan-2010,26.0,15.5,20.8,-
16-Jan-2010,28.0,15.0,21.5,-
17-Jan-2010,27.0,14.0,20.5,-
18-Jan-2010,25.0,14.5,19.8,-
19-Jan-2010,22.0,14.0,18.0,-
20-Jan-2010,25.0,14.0,19.5,-
21-Jan-2010,22.5,14.0,18.3,-
22-Jan-2010,31.5,15.0,23.3,-
23-Jan-2010,32.5,15.0,23.8,-
24-Jan-2010,33.0,15.0,24.0,-
25-Jan-2010,33.0,14.0,23.5,-
26-Jan-2010,34.0,16.0,25.0,-
27-Jan-2010,31.0,16.0,23.5,-
28-Jan-2010,30.0,14.0,22.0,-
29-Jan-2010,31.0,16.0,23.5,-
30-Jan-2010,31.5,15.0,23.3,-
31-Jan-2010,30.0,16.0,23.0,-
1-Feb-2010,29.0,17.0,23.0,-
2-Feb-2010,29.0,18.0,23.5,-
3-Feb-2010,29.0,16.0,22.5,-
4-Feb-2010,33.5,16.5,25.0,-
5-Feb-2010,30.0,17.0,23.5,-
6-Feb-2010,29.0,16.0,22.5,-
7-Feb-2010,29.0,15.0,22.0,-
8-Feb-2010,32.0,15.0,23.5,-
9-Feb-2010,31.0,16.0,23.5,-
10-Feb-2010,30.0,17.0,23.5,-
11-Feb-2010,32.0,18.0,25.0,-
12-Feb-2010,32.0,19.0,25.5,-
13-Feb-2010,32.0,18.0,25.0,-
14-Feb-2010,32.0,17.5,24.8,-
15-Feb-2010,33.0,19.0,26.0,-
16-Feb-2010,32.0,20.0,26.0,-
17-Feb-2010,31.0,21.0,26.0,-
18-Feb-2010,31.0,20.0,25.5,-
19-Feb-2010,30.0,18.0,24.0,-
20-Feb-2010,30.5,19.0,24.8,-
21-Feb-2010,30.0,20.0,25.0,-
22-Feb-2010,31.0,18.0,24.5,-
23-Feb-2010,31.0,20.0,25.5,-
24-Feb-2010,33.0,19.0,26.0,-
25-Feb-2010,34.0,18.0,26.0,-
26-Feb-2010,33.0,20.0,26.5,-
27-Feb-2010,34.0,20.0,27.0,-
28-Feb-2010,34.0,21.0,27.5,-
1-Mar-2010,34.5,19.5,27.0,-
2-Mar-2010,34.5,18.5,26.5,-
3-Mar-2010,35.5,20.5,28.0,-
4-Mar-2010,34.5,21.0,27.8,-
5-Mar-2010,34.5,23.0,28.8,-
6-Mar-2010,34.5,23.0,28.8,-
7-Mar-2010,33.0,23.0,28.0,-
8-Mar-2010,36.0,22.5,29.3,-
9-Mar-2010,35.0,23.0,29.0,-
10-Mar-2010,32.0,24.0,28.0,-
11-Mar-2010,36.0,24.0,30.0,-
12-Mar-2010,35.0,24.0,29.5,-
13-Mar-2010,32.0,23.0,27.5,-
14-Mar-2010,35.5,21.0,28.3,-
15-Mar-2010,36.0,22.0,29.0,-
16-Mar-2010,36.0,23.0,29.5,-
17-Mar-2010,37.0,21.0,29.0,-
18-Mar-2010,39.0,23.0,31.0,-
19-Mar-2010,40.0,24.0,32.0,-
20-Mar-2010,37.0,25.0,31.0,-
21-Mar-2010,38.0,24.0,31.0,-
22-Mar-2010,38.0,22.0,30.0,-
23-Mar-2010,39.0,24.0,31.5,-
24-Mar-2010,37.0,24.5,30.8,-
25-Mar-2010,37.0,22.0,29.5,-
26-Mar-2010,36.0,23.0,29.5,-
27-Mar-2010,35.0,24.0,29.5,-
28-Mar-2010,36.0,25.0,30.5,16.0
29-Mar-2010,35.0,19.0,27.0,1.0
30-Mar-2010,33.0,22.5,27.8,37.0
31-Mar-2010,33.0,20.0,26.5,16.0
1-Apr-2010,30.0,22.0,26.0,-
2-Apr-2010,32.0,25.0,28.5,-
3-Apr-2010,35.0,25.0,30.0,-
4-Apr-2010,36.0,25.0,30.5,-
5-Apr-2010,35.0,25.0,30.0,-
6-Apr-2010,36.0,24.0,30.0,-
7-Apr-2010,35.5,24.0,29.8,-
8-Apr-2010,36.0,25.0,30.5,-
9-Apr-2010,28.5,24.0,26.3,-
10-Apr-2010,38.0,25.0,31.5,-
11-Apr-2010,37.0,26.0,31.5,-
12-Apr-2010,36.0,26.0,31.0,-
13-Apr-2010,37.0,25.0,31.0,-
14-Apr-2010,36.5,25.5,31.0,-
15-Apr-2010,38.0,25.5,31.8,-
16-Apr-2010,37.0,26.0,31.5,-
17-Apr-2010,39.0,26.5,32.8,-
18-Apr-2010,36.0,25.0,30.5,-
19-Apr-2010,34.5,22.0,28.3,-
20-Apr-2010,36.0,27.0,31.5,-
21-Apr-2010,35.0,28.0,31.5,-
22-Apr-2010,36.0,27.0,31.5,-
23-Apr-2010,38.0,26.0,32.0,-
24-Apr-2010,38.0,26.5,32.3,-
25-Apr-2010,37.0,26.5,31.8,41.0
26-Apr-2010,33.0,21.0,27.0,-
27-Apr-2010,32.0,23.0,27.5,-
28-Apr-2010,35.0,25.0,30.0,-
29-Apr-2010,36.0,25.5,30.8,-
30-Apr-2010,36.5,25.0,30.8,-
1-May-2010,37.0,24.0,30.5,-
2-May-2010,37.0,27.0,32.0,-
3-May-2010,36.0,25.0,30.5,-
4-May-2010,37.0,28.0,32.5,-
5-May-2010,32.5,26.5,29.5,6.0
6-May-2010,35.0,24.5,29.8,-
7-May-2010,37.0,26.0,31.5,-
8-May-2010,38.0,24.0,31.0,5.0
9-May-2010,24.0,24.0,24.0,32.0
10-May-2010,37.0,23.0,30.0,-
11-May-2010,35.0,26.0,30.5,-
12-May-2010,37.0,26.0,31.5,-
13-May-2010,37.0,27.0,32.0,-
14-May-2010,38.0,26.0,32.0,-
15-May-2010,38.5,23.0,30.8,-
16-May-2010,37.0,26.0,31.5,-
17-May-2010,39.0,26.0,32.5,-
18-May-2010,39.0,25.0,32.0,-
19-May-2010,38.0,28.0,33.0,-
20-May-2010,36.0,26.0,31.0,10.0
21-May-2010,33.0,24.0,28.5,57.0
22-May-2010,35.0,24.0,29.5,23.0
23-May-2010,29.0,24.0,26.5,22.0
24-May-2010,26.0,24.0,25.0,10.0
25-May-2010,30.0,25.0,27.5,-
26-May-2010,33.0,27.0,30.0,22.0
27-May-2010,34.0,21.0,27.5,48.0
28-May-2010,31.0,22.0,26.5,12.0
29-May-2010,34.0,21.0,27.5,12.0
30-May-2010,32.0,22.0,27.0,21.0
31-May-2010,34.0,21.0,27.5,28.0
1-Jun-2010,31.0,22.0,26.5,-
2-Jun-2010,32.5,26.5,29.5,-
3-Jun-2010,30.0,26.0,28.0,5.0
4-Jun-2010,33.0,24.0,28.5,25.0
5-Jun-2010,34.0,23.0,28.5,4.0
6-Jun-2010,34.0,24.0,29.0,-
7-Jun-2010,34.0,26.0,30.0,-
8-Jun-2010,37.0,27.0,32.0,2.0
9-Jun-2010,35.0,25.0,30.0,-
10-Jun-2010,35.0,27.0,31.0,55.0
11-Jun-2010,35.0,28.0,31.5,34.0
12-Jun-2010,35.0,24.0,29.5,58.0
13-Jun-2010,34.0,24.0,29.0,25.0
14-Jun-2010,32.0,24.0,28.0,25.0
15-Jun-2010,27.5,24.0,25.8,4.0
16-Jun-2010,30.0,24.0,27.0,-
17-Jun-2010,31.0,25.0,28.0,27.0
18-Jun-2010,31.0,24.0,27.5,41.0
19-Jun-2010,29.4,24.0,26.7,25.0
20-Jun-2010,30.0,25.0,27.5,-
21-Jun-2010,33.0,26.0,29.5,6.0
22-Jun-2010,32.0,26.0,29.0,1.0
23-Jun-2010,32.0,25.0,28.5,6.0
24-Jun-2010,35.0,25.0,30.0,13.0
25-Jun-2010,34.0,26.0,30.0,11.0
26-Jun-2010,30.5,25.0,27.8,18.0
27-Jun-2010,30.5,25.5,28.0,4.0
28-Jun-2010,31.0,26.0,28.5,12.0
29-Jun-2010,33.0,25.0,29.0,42.0
30-Jun-2010,33.0,24.0,28.5,11.0
1-Jul-2010,31.0,25.0,28.0,-
2-Jul-2010,34.0,26.0,30.0,9.0
3-Jul-2010,35.0,25.0,30.0,-
4-Jul-2010,33.0,25.0,29.0,14.0
5-Jul-2010,34.0,24.0,29.0,8.0
6-Jul-2010,33.0,24.0,28.5,2.0
7-Jul-2010,34.0,25.0,29.5,-
8-Jul-2010,35.0,25.0,30.0,15.0
9-Jul-2010,33.0,25.0,29.0,21.0
10-Jul-2010,32.5,25.0,28.8,7.0
11-Jul-2010,32.0,24.5,28.3,38.0
12-Jul-2010,32.0,23.0,27.5,21.0
13-Jul-2010,32.0,24.0,28.0,-
14-Jul-2010,31.0,25.0,28.0,-
15-Jul-2010,30.5,25.0,27.8,44.0
16-Jul-2010,34.0,25.0,29.5,13.0
17-Jul-2010,35.0,24.0,29.5,-
18-Jul-2010,30.0,26.0,28.0,25.0
19-Jul-2010,34.0,25.5,29.8,75.0
20-Jul-2010,33.0,25.0,29.0,5.0
21-Jul-2010,32.0,24.0,28.0,7.0
22-Jul-2010,33.0,26.0,29.5,-
23-Jul-2010,33.0,25.0,29.0,-
24-Jul-2010,34.0,25.0,29.5,-
25-Jul-2010,34.0,26.0,30.0,-
26-Jul-2010,35.0,26.0,30.5,-
27-Jul-2010,33.0,26.0,29.5,-
28-Jul-2010,35.0,27.0,31.0,44.0
29-Jul-2010,35.0,25.0,30.0,-
30-Jul-2010,34.0,25.0,29.5,14.0
31-Jul-2010,32.0,24.0,28.0,9.0
1-Aug-10,31.0,25.0,28.0,9.0
2-Aug-10,32.0,25.0,28.5,
3-Aug-10,34.0,25.0,29.5,19.5
4-Aug-10,34.5,24.5,29.5,3.0
5-Aug-10,34.0,24.5,29.3,
6-Aug-10,34.0,24.5,29.3,18.0
7-Aug-10,34.0,24.0,29.0,4.0
8-Aug-10,34.0,25.0,29.5,
9-Aug-10,35.0,26.0,30.5,
10-Aug-10,35.0,26.0,30.5,7.0
11-Aug-10,34.0,25.0,29.5,3.0
12-Aug-10,33.0,25.0,29.0,39.0
13-Aug-10,34.0,24.0,29.0,38.0
14-Aug-10,31.0,24.0,27.5,24.0
15-Aug-10,29.0,24.0,26.5,1.0
16-Aug-10,31.0,25.0,28.0,2.0
17-Aug-10,33.0,25.0,29.0,3.0
18-Aug-10,31.0,26.0,28.5,48.0
19-Aug-10,33.0,24.0,28.5,10.0
20-Aug-10,30.0,24.0,27.0,10.0
21-Aug-10,32.0,25.0,28.5,2.0
22-Aug-10,32.0,25.5,28.8,
23-Aug-10,34.0,26.0,30.0,60.0
24-Aug-10,35.0,24.0,29.5,3.0
25-Aug-10,31.0,25.0,28.0,13.0
26-Aug-10,34.0,24.0,29.0,15.0
27-Aug-10,33.0,25.0,29.0,15.0
28-Aug-10,31.5,24.0,27.8,
29-Aug-10,31.0,24.5,27.8,23.0
30-Aug-10,34.0,25.0,29.5,21.0
31-Aug-10,33.0,24.0,28.5,
1-Sep-10,32.0,24.0,28.0,
2-Sep-10,34.5,25.5,30.0,4.0
3-Sep-10,34.0,25.0,29.5,
4-Sep-10,32.0,25.0,28.5,
5-Sep-10,35.0,25.5,30.3,
6-Sep-10,36.0,25.0,30.5,
7-Sep-10,35.0,25.0,30.0,
8-Sep-10,35.0,26.0,30.5,
9-Sep-10,36.0,25.5,30.8,
10-Sep-10,34.0,25.0,29.5,
11-Sep-10,34.0,26.0,30.0,
12-Sep-10,32.0,24.0,28.0,42.0
13-Sep-10,34.0,24.0,29.0,
14-Sep-10,32.0,25.0,28.5,10.0
15-Sep-10,31.0,24.0,27.5,8.0
16-Sep-10,31.5,24.0,27.8,1.0
17-Sep-10,33.0,24.0,28.5,2.0
18-Sep-10,33.0,24.0,28.5,8.0
19-Sep-10,32.0,24.0,28.0,12.0
20-Sep-10,34.0,24.0,29.0,16.0
21-Sep-10,32.0,25.0,28.5,
22-Sep-10,31.5,24.5,28.0,3.0
23-Sep-10,33.5,24.0,28.8,9.0
24-Sep-10,32.0,24.0,28.0,10.0
25-Sep-10,31.0,24.5,27.8,10.0
26-Sep-10,30.5,23.5,27.0,
27-Sep-10,32.0,24.0,28.0,1.0
28-Sep-10,33.0,24.0,28.5,
29-Sep-10,34.0,23.0,28.5,
30-Sep-10,34.0,24.0,29.0,
1-Oct-10,35.0,25,30.0,0.0
2-Oct-10,35.0,25,30.0,0.0
3-Oct-10,35.0,26,30.5,0.0
4-Oct-10,36.0,25,30.5,0.0
5-Oct-10,36.0,25,30.5,33.0
6-Oct-10,34.0,23,28.5,19.0
7-Oct-10,27.0,23,25.0,60.0
8-Oct-10,25.0,24,24.5,57.0
9-Oct-10,29.5,25,27.3,10.0
10-Oct-10,30.0,24,27.0,0.0
11-Oct-10,31.0,25,28.0,6.0
12-Oct-10,33.0,24,28.5,1.0
13-Oct-10,34.0,25,29.5,0.0
14-Oct-10,34.0,25,29.5,6.0
15-Oct-10,34.5,24,29.3,0.0
16-Oct-10,35.0,24,29.5,2.0
17-Oct-10,34.0,24,29.0,0.0
18-Oct-10,34.0,24,29.0,0.0
19-Oct-10,33.0,24,28.5,5.0
20-Oct-10,35.0,24,29.5,5.0
21-Oct-10,34.0,24,29.0,0.0
22-Oct-10,34.0,26,30.0,0.0
23-Oct-10,32.0,24,28.0,0.0
24-Oct-10,32.0,26,29.0,0.0
25-Oct-10,32.0,24,28.0,15.0
26-Oct-10,33.0,24,28.5,0.0
27-Oct-10,34.0,24,29.0,0.0
28-Oct-10,32.4,24,28.2,0.0
29-Oct-10,32.0,23,27.5,0.0
30-Oct-10,33.0,24,28.5,0.0
31-Oct-10,34.0,24,29.0,16.0
1-Nov-10,34.0,25,29.5,-
2-Nov-10,33.0,24,28.5,-
3-Nov-10,32.5,23,27.8,-
4-Nov-10,33.0,23,28.0,-
5-Nov-10,33.5,23,28.3,-
6-Nov-10,33.0,23,28.0,-
7-Nov-10,33.5,23,28.3,-
8-Nov-10,34.0,21,27.5,-
9-Nov-10,33.0,25,29.0,-
10-Nov-10,32.0,20,26.0,-
11-Nov-10,32.0,21,26.5,-
12-Nov-10,31.0,21,26.0,-
13-Nov-10,31.0,20,25.5,-
14-Nov-10,32.0,20,26.0,-
15-Nov-10,33.0,21,27.0,-
16-Nov-10,32.0,21,26.5,-
17-Nov-10,32.0,20,26.0,-
18-Nov-10,30.0,20,25.0,-
19-Nov-10,30.0,20,25.0,-
20-Nov-10,31.0,22,26.5,23.0
21-Nov-10,32.0,21,26.5,-
22-Nov-10,27.5,20,23.8,-
23-Nov-10,29.0,16,22.5,-
24-Nov-10,30.0,17,23.5,-
25-Nov-10,30.0,18,24.0,-
26-Nov-10,30.0,20,25.0,-
27-Nov-10,30.0,19,24.5,-
28-Nov-10,31.0,20,25.5,-
29-Nov-10,30.0,21,25.5,-
30-Nov-10,30.0,19,24.5,-
1-Dec-10,24.0,15.0,19.5,-
2-Dec-10,29.0,16.0,22.5,-
3-Dec-10,30.0,19.0,24.5,-
4-Dec-10,32.0,18.0,25.0,-
5-Dec-10,31.5,20.5,26.0,-
6-Dec-10,28.0,21.0,24.5,-
7-Dec-10,31.5,19.5,25.5,-
8-Dec-10,33.0,21.5,27.3,-
9-Dec-10,33.0,22.0,27.5,23.0
10-Dec-10,27.0,23.0,25.0,9.0
11-Dec-10,28.0,22.0,25.0,-
12-Dec-10,27.0,18.0,22.5,-
13-Dec-10,27.0,16.0,21.5,-
14-Dec-10,27.0,15.0,21.0,-
15-Dec-10,26.0,16.0,21.0,-
16-Dec-10,26.0,15.0,20.5,-
17-Dec-10,29.0,14.0,21.5,-
18-Dec-10,29.0,16.0,22.5,-
19-Dec-10,28.0,16.0,22.0,-
20-Dec-10,28.5,15.5,22.0,-
21-Dec-10,27.0,13.5,20.3,-
22-Dec-10,27.0,15.0,21.0,-
23-Dec-10,26.5,14.5,20.5,-
24-Dec-10,22.0,13.5,17.8,-
25-Dec-10,27.0,13.5,20.3,-
26-Dec-10,25.5,13.0,19.3,-
27-Dec-10,26.0,13.0,19.5,-
28-Dec-10,26.5,14.0,20.3,-
29-Dec-10,28.5,13.5,21.0,-
30-Dec-10,29.0,13.5,21.3,-
31-Dec-10,29.0,14.5,21.8,-
1-Jan-11,29.0,15.0,22.0,-
2-Jan-11,29.5,16.5,23.0,-
3-Jan-11,29.5,14.0,21.8,-
4-Jan-11,27.0,11.0,19.0,-
5-Jan-11,25.5,12.5,19.0,-
6-Jan-11,27.0,15.0,21.0,-
7-Jan-11,27.0,15.5,21.3,-
8-Jan-11,29.5,15.5,22.5,-
9-Jan-11,30.5,20.0,25.3,-
10-Jan-11,30.0,17.0,23.5,-
11-Jan-11,27.5,11.5,19.5,-
12-Jan-11,25.5,11.5,18.5,-
13-Jan-11,24.0,12.0,18.0,-
14-Jan-11,24.0,9.0,16.5,-
15-Jan-11,26.0,11.5,18.8,-
16-Jan-11,28.0,13.0,20.5,-
17-Jan-11,28.0,13.0,20.5,-
18-Jan-11,21.0,11.0,16.0,-
19-Jan-11,25.0,14.0,19.5,-
20-Jan-11,27.0,14.0,20.5,-
21-Jan-11,28.0,15.0,21.5,-
22-Jan-11,27.0,14.5,20.8,-
23-Jan-11,27.0,15.0,21.0,-
24-Jan-11,28.0,16.0,22.0,-
25-Jan-11,29.0,17.0,23.0,-
26-Jan-11,29.0,16.0,22.5,-
27-Jan-11,29.0,16.0,22.5,-
28-Jan-11,30.0,17.0,23.5,-
29-Jan-11,28.0,15.0,21.5,-
30-Jan-11,28.0,14.0,21.0,-
31-Jan-11,30.0,16.0,23.0,-
1-Feb-11,30.0,17.0,23.5,-
2-Feb-11,29.0,16.0,22.5,-
3-Feb-11,29.0,14.0,21.5,-
4-Feb-11,30.0,15.0,22.5,-
5-Feb-11,32.0,15.0,23.5,-
6-Feb-11,32.5,16.0,24.3,-
7-Feb-11,32.0,18.0,25.0,-
8-Feb-11,30.5,17.0,23.8,-
9-Feb-11,31.0,18.0,24.5,-
10-Feb-11,33.0,19.0,26.0,-
11-Feb-11,32.0,16.0,24.0,-
12-Feb-11,31.0,16.0,23.5,-
13-Feb-11,30.0,17.0,23.5,-
14-Feb-11,32.0,17.5,24.8,-
15-Feb-11,31.0,19.0,25.0,-
16-Feb-11,32.0,19.0,25.5,-
17-Feb-11,31.0,21.0,26.0,-
18-Feb-11,31.0,19.0,25.0,-
19-Feb-11,31.0,19.0,25.0,-
20-Feb-11,30.0,19.0,24.5,-
21-Feb-11,31.0,19.0,25.0,-
22-Feb-11,28.5,18.5,23.5,-
23-Feb-11,31.5,17.5,24.5,-
24-Feb-11,33.0,16.0,24.5,-
25-Feb-11,34.0,19.5,26.8,-
26-Feb-11,34.0,18.0,26.0,-
27-Feb-11,33.0,19.5,26.3,-
28-Feb-11,33.5,20.0,26.8,-
1-Mar-11,32.0,17,24.5,-
2-Mar-11,35.0,18,26.5,-
3-Mar-11,36.0,20,28.0,-
4-Mar-11,35.0,24,29.5,-
5-Mar-11,35.0,20,27.5,-
6-Mar-11,36.0,22,29.0,-
7-Mar-11,37.0,24,30.5,-
8-Mar-11,35.0,19,27.0,-
9-Mar-11,35.0,19.5,27.3,-
10-Mar-11,36.0,22,29.0,-
11-Mar-11,36.0,21,28.5,-
12-Mar-11,36.0,20,28.0,-
13-Mar-11,35.0,21,28.0,-
14-Mar-11,35.0,21.5,28.3,-
15-Mar-11,35.0,19,27.0,-
16-Mar-11,36.0,21,28.5,10.0
17-Mar-11,34.0,18,26.0,-
18-Mar-11,32.0,20,26.0,-
19-Mar-11,31.0,21,26.0,-
20-Mar-11,32.0,20,26.0,-
21-Mar-11,34.0,21,27.5,-
22-Mar-11,34.0,21,27.5,-
23-Mar-11,36.0,21,28.5,-
24-Mar-11,35.0,19,27.0,-
25-Mar-11,34.0,23,28.5,-
26-Mar-11,34.0,23.5,28.8,6.0
27-Mar-11,32.0,21,26.5,-
28-Mar-11,32.0,21,26.5,-
29-Mar-11,34.0,21,27.5,6.0
30-Mar-11,34.0,19,26.5,8.0
31-Mar-11,32.0,19,25.5,35.0
1-Apr-11,31.0,20,25.5,-
2-Apr-11,33.0,22,27.5,-
3-Apr-11,35.0,21,28.0,-
4-Apr-11,34.0,23,28.5,-
5-Apr-11,34.0,24,29.0,-
6-Apr-11,36.0,23,29.5,-
7-Apr-11,35.0,22.5,28.8,-
8-Apr-11,36.0,22,29.0,-
9-Apr-11,35.5,22,28.8,-
10-Apr-11,35.0,24,29.5,-
11-Apr-11,34.0,24,29.0,-
12-Apr-11,34.0,24,29.0,-
13-Apr-11,35.0,25,30.0,-
14-Apr-11,35.0,24.5,29.8,-
15-Apr-11,35.5,24.3,29.9,-
16-Apr-11,35.8,24.6,30.2,-
17-Apr-11,35.0,24,29.5,-
18-Apr-11,36.0,24,30.0,-
19-Apr-11,36.0,25,30.5,-
20-Apr-11,37.0,26,31.5,-
21-Apr-11,35.0,25,30.0,-
22-Apr-11,36.0,25,30.5,-
23-Apr-11,37.0,26,31.5,14.0
24-Apr-11,33.0,21,27.0,2.0
25-Apr-11,30.0,22,26.0,-
26-Apr-11,35.0,23,29.0,23.0
27-Apr-11,31.0,22,26.5,4.0
28-Apr-11,30.0,22,26.0,6.0
29-Apr-11,34.0,21,27.5,-
30-Apr-11,32.0,24,28.0,-
1-May-11,35.0,24.0,29.5,-
2-May-11,35.0,25.0,30.0,-
3-May-11,36.0,25.0,30.5,7.0
4-May-11,35.0,24.0,29.5,-
5-May-11,35.0,22.5,28.8,16.0
6-May-11,34.0,22.0,28.0,-
7-May-11,34.5,24.5,29.5,-
8-May-11,25.5,24.5,25.0,-
9-May-11,33.0,25.0,29.0,-
10-May-11,33.0,25.0,29.0,13.0
11-May-11,37.0,21.0,29.0,17.0
12-May-11,35.0,21.0,28.0,-
13-May-11,35.0,27.0,31.0,19.0
14-May-11,36.0,22.0,29.0,-
15-May-11,34.0,22.0,28.0,-
16-May-11,35.0,21.0,28.0,-
17-May-11,36.0,20.0,28.0,1.0
18-May-11,35.0,20.0,27.5,35.0
19-May-11,31.0,23.0,27.0,-
20-May-11,31.0,24.0,27.5,-
21-May-11,34.0,26.0,30.0,71.0
22-May-11,32.5,20.5,26.5,-
23-May-11,31.0,24.0,27.5,-
24-May-11,34.0,26.0,30.0,8.0
25-May-11,35.0,20.0,27.5,29.0
26-May-11,34.0,23.0,28.5,13.0
27-May-11,34.0,25.0,29.5,32.0
28-May-11,32.0,25.0,28.5,34.0
29-May-11,32.0,25.0,28.5,13.0
30-May-11,32.0,24.0,28.0,10.0
31-May-11,30.0,25.0,27.5,31.0
1-Jun-11,32.0,24,28.0,-
2-Jun-11,34.0,25,29.5,-
3-Jun-11,34.0,24,29.0,-
4-Jun-11,35.5,25,30.3,-
5-Jun-11,35.5,26,30.8,-
6-Jun-11,36.0,26,30.8,-
7-Jun-11,36.0,26,30.8,22.0
8-Jun-11,33.0,24,28.5,12.0
9-Jun-11,30.0,25,27.5,30.0
10-Jun-11,30.0,24,27.0,-
11-Jun-11,31.0,24,27.5,7.0
12-Jun-11,32.0,25,28.5,3.0
13-Jun-11,34.0,25,29.5,27.0
14-Jun-11,34.0,24,29.0,-
15-Jun-11,34.0,26,30.0,-
16-Jun-11,34.0,25,29.5,6.0
17-Jun-11,34.0,24,29.0,15.0
18-Jun-11,30.0,25,27.5,15.0
19-Jun-11,30.0,25,27.3,-
20-Jun-11,33.5,26,29.5,5.0
21-Jun-11,34.0,25,29.5,-
22-Jun-11,32.0,25,28.5,-
23-Jun-11,33.0,24,28.5,-
24-Jun-11,34.0,26,30.0,26.0
25-Jun-11,30.0,25,27.5,23.0
26-Jun-11,29.0,24,26.5,34.0
27-Jun-11,28.0,24,26.0,11.0
28-Jun-11,30.0,25,27.5,91.0
29-Jun-11,27.0,24,25.5,110.0
30-Jun-11,28.0,24,26.0,39.0
1-Jul-11,27.0,24.0,25.5,97.0
2-Jul-11,26.0,24.0,25.0,65.0
3-Jul-11,27.0,25.0,26.0,2.0
4-Jul-11,28.0,24.0,26.0,40.0
5-Jul-11,30.0,24.0,27.0,-
6-Jul-11,32.0,25.0,28.5,3.0
7-Jul-11,32.0,24.0,28.0,-
8-Jul-11,33.0,25.0,29.0,5.0
9-Jul-11,34.0,25.0,29.5,-
10-Jul-11,34,25,29.4,-
11-Jul-11,33.5,25.0,29.3,10.0
12-Jul-11,35.0,25.5,30.3,-
13-Jul-11,35.0,25.0,30.0,-
14-Jul-11,34.0,26.0,30.0,-
15-Jul-11,34.0,25.0,29.5,9.0
16-Jul-11,33.0,25.0,29.0,2.0
17-Jul-11,31.0,25.0,28.0,?
18-Jul-11,31.0,26.0,28.5,-
19-Jul-11,30.0,25.0,27.5,57.0
20-Jul-11,27.0,24.0,25.5,8.0
21-Jul-11,27.0,24.5,25.8,46.0
22-Jul-11,27.0,24.0,25.5,9.0
23-Jul-11,30.0,24.0,27.0,16.0
24-Jul-11,29.0,24.0,26.5,10.0
25-Jul-11,34.0,24.0,29.0,8.0
26-Jul-11,35.0,25.0,30.0,2.0
27-Jul-11,34.0,25.0,29.5,-
28-Jul-11,34.0,26.0,30.0,2.0
29-Jul-11,35.0,25.0,30.0,4.0
30-Jul-11,34.0,25.5,29.8,-
31-Jul-11,35.0,26.0,30.5,4.0
1-Aug-11,35.0,25.0,30.0,92.0
2-Aug-11,34.0,25.0,29.5,15.0
3-Aug-11,31.0,25.0,28.0,34.0
4-Aug-11,32.0,25.0,28.5,49.0
5-Aug-11,29.0,24.0,26.5,43.0
6-Aug-11,30.0,25.0,27.5,14.0
7-Aug-11,24.0,29.0,26.5,8.0
8-Aug-11,28.0,24.0,26.0,105.0
9-Aug-11,27.5,24.0,25.8,135.0
10-Aug-11,25.0,24.0,24.5,9.0
11-Aug-11,28.0,24.0,26.0,0.0
12-Aug-11,30.0,24.0,27.0,10.0
13-Aug-11,32.0,24.0,28.0,16.0
14-Aug-11,31.0,24.0,27.5,0.0
15-Aug-11,32.0,24.0,28.0,0.0
16-Aug-11,34.0,25.0,29.5,7.0
17-Aug-11,31.0,25.0,28.0,2.0
18-Aug-11,29.0,24.0,26.5,3.0
19-Aug-11,31.0,24.0,27.5,2.0
20-Aug-11,31.5,24.5,28.0,0.0
21-Aug-11,34.0,25.0,29.5,12.0
22-Aug-11,34.0,25.0,29.5,4.0
23-Aug-11,31.0,24.0,27.5,20.0
24-Aug-11,31.0,25.0,28.0,2.0
25-Aug-11,31.0,24.0,27.5,0.0
26-Aug-11,34.0,25.0,29.5,120.0
27-Aug-11,33.0,24.0,28.5,0.0
28-Aug-11,31.0,25.0,28.0,6.0
29-Aug-11,34.0,25.0,29.5,1.0
30-Aug-11,34.0,25.0,29.5,7.0
31-Aug-11,35.0,25.0,30.0,2.0
1-Sep-11,32.0,24.0,28.0,17.0
2-Sep-11,31.0,24.0,27.5,18.0
3-Sep-11,32.0,24.0,28.0,-
4-Sep-11,34.0,25.0,29.5,-
5-Sep-11,34.0,25.5,29.8,-
6-Sep-11,33.0,25.0,29.0,56.0
7-Sep-11,32.0,23.5,27.8,42.0
8-Sep-11,31.5,24.0,27.8,7.0
9-Sep-11,28.0,24.0,26.0,4.0
10-Sep-11,30.0,24.0,27.0,16.0
11-Sep-11,34.0,24.0,29.0,-
12-Sep-11,35.0,26.0,30.5,2.0
13-Sep-11,36.0,26.0,31.0,5.0
14-Sep-11,33.0,24.5,28.8,10.0
15-Sep-11,32.0,24.0,28.0,80.0
16-Sep-11,29.0,24.0,26.5,60.0
17-Sep-11,28.0,24.0,26.0,44.0
18-Sep-11,29.5,23.5,26.5,5.0
19-Sep-11,32.0,24.5,28.3,2.0
20-Sep-11,34.0,26.0,30.0,30.0
21-Sep-11,34.0,25.0,29.5,14.0
22-Sep-11,33.0,25.0,29.0,-
23-Sep-11,33.0,24.0,28.5,-
24-Sep-11,34.0,24.0,29.0,-
25-Sep-11,33.0,24.0,28.5,9.0
26-Sep-11,35.0,25.0,30.0,-
27-Sep-11,34.0,24.0,29.0,-
28-Sep-11,35.0,25.0,30.0,-
29-Sep-11,35.0,26.0,30.5,48.0
30-Sep-11,35.0,25.0,30.0,50.0
1-Oct-11,32.0,23.0,27.5,1.0
2-Oct-11,30.5,22.5,26.5,50.0
3-Oct-11,33.0,24.0,28.5,-
4-Oct-11,32.0,25.0,28.5,-
5-Oct-11,33.0,25.5,29.3,2.0
6-Oct-11,35.0,24.0,29.5,19.0
7-Oct-11,34.0,24.5,29.3,10.0
8-Oct-11,34.0,24.0,29.0,-
9-Oct-11,35.0,24.0,29.5,-
10-Oct-11,35.0,26.0,30.5,-
11-Oct-11,36.0,26.0,31.0,-
12-Oct-11,35.0,25.0,30.0,-
13-Oct-11,35.0,24.0,29.5,-
14-Oct-11,35.0,23.0,29.0,-
15-Oct-11,35.0,24.0,29.5,-
16-Oct-11,34.0,24.0,29.0,-
17-Oct-11,36.0,26.0,31.0,7.0
18-Oct-11,35.0,24.0,29.5,12.0
19-Oct-11,30.0,23.0,26.5,8.0
20-Oct-11,27.0,21.0,24.0,-
21-Oct-11,31.0,24.0,27.5,37.0
22-Oct-11,33.0,22.0,27.5,2.0
23-Oct-11,31.0,23.0,27.0,-
24-Oct-11,32.0,24.0,28.0,-
25-Oct-11,34.0,24.0,29.0,-
26-Oct-11,34.5,23.5,29.0,-
27-Oct-11,34.0,24.0,29.0,-
28-Oct-11,33.5,32.0,32.8,-
29-Oct-11,33.0,21.0,27.0,-
30-Oct-11,32.0,22.0,27.0,-
31-Oct-11,34.0,20.0,27.0,-
1-Nov-11,33.0,20,26.5,-
2-Nov-11,32.0,21,26.5,-
3-Nov-11,31.0,19,25.0,-
4-Nov-11,30.0,20,25.0,-
5-Nov-11,31.0,18,24.5,-
6-Nov-11,32.0,19,25.5,-
7-Nov-11,30.0,19,24.5,-
8-Nov-11,30.0,18,24.0,-
9-Nov-11,31.0,20,25.5,-
10-Nov-11,34.0,20,27.0,-
11-Nov-11,33.0,20,26.5,-
12-Nov-11,34.0,20,27.0,-
13-Nov-11,33.0,19,26.0,-
14-Nov-11,33.0,18,25.5,-
15-Nov-11,34.0,19,26.5,-
16-Nov-11,33.0,20,26.5,-
17-Nov-11,30.0,24,26.8,-
18-Nov-11,31.0,20,25.5,-
19-Nov-11,29.5,18,23.8,-
20-Nov-11,31.0,18,24.5,-
21-Nov-11,32.0,20,26.0,-
22-Nov-11,33.0,19,26.0,-
23-Nov-11,33.0,20,26.5,-
24-Nov-11,32.0,19,25.5,-
25-Nov-11,34.0,20,27.0,-
26-Nov-11,32.0,19,25.5,-
27-Nov-11,33.0,20,26.5,-
28-Nov-11,31.0,17,24.0,-
29-Nov-11,30.0,19,24.5,-
30-Nov-11,30.0,17,23.5,-
1-Dec-11,29.0,17.0,23.0,-
2-Dec-11,31.0,18.0,24.5,-
3-Dec-11,32.0,18.0,25.0,-
4-Dec-11,32.0,19.5,25.8,-
5-Dec-11,28.0,17.5,22.8,-
6-Dec-11,29.0,18.5,23.8,-
7-Dec-11,30.5,18.5,24.5,-
8-Dec-11,31.5,19.0,25.3,-
9-Dec-11,32.0,18.0,25.0,-
10-Dec-11,32.0,17.5,24.8,-
11-Dec-11,32.0,16.5,24.3,-
12-Dec-11,31.0,16.0,23.5,-
13-Dec-11,30.0,16.5,23.3,-
14-Dec-11,28.0,14.0,21.0,-
15-Dec-11,28.0,15.0,21.5,-
16-Dec-11,29.0,13.0,21.0,-
17-Dec-11,28.0,13.0,20.5,-
18-Dec-11,27.0,13.0,20.0,-
19-Dec-11,27.0,14.0,20.5,-
20-Dec-11,25.5,13.0,19.3,-
21-Dec-11,25.0,12.5,18.8,-
22-Dec-11,25.0,13.0,19.0,-
23-Dec-11,24.0,14.0,19.0,-
24-Dec-11,20.0,15.0,17.5,-
25-Dec-11,21.0,14.0,17.5,-
26-Dec-11,26.0,16.0,21.0,-
27-Dec-11,31.0,19.0,25.0,-
28-Dec-11,30.0,20.0,25.0,-
29-Dec-11,31.0,20.0,25.5,-
30-Dec-11,31.0,19.0,25.0,-
31-Dec-11,31.0,18.4,24.7,-
1-Jan-12,32,18,25,-
2-Jan-12,31,19,25,-
3-Jan-12,29,16,22.5,-
4-Jan-12,29,17,23,-
5-Jan-12,29,18.5,23.75,-
6-Jan-12,29,16,22.5,-
7-Jan-12,28.5,16.5,22.5,-
8-Jan-12,28,13,20.5,-
9-Jan-12,28.5,15.5,22,-
10-Jan-12,33,16,24.5,-
11-Jan-12,29,16,22.5,-
12-Jan-12,30,15.5,22.75,-
13-Jan-12,27,14,20.5,-
14-Jan-12,24,12,18,-
15-Jan-12,24,11,17.5,-
16-Jan-12,26,13,19.5,-
17-Jan-12,26,14,20,-
18-Jan-12,28,16,22,-
19-Jan-12,29,14,21.5,-
20-Jan-12,30,15,22.5,-
21-Jan-12,30,16,23,-
22-Jan-12,28,15,21.5,-
23-Jan-12,27,13,20,-
24-Jan-12,27,14,20.5,-
25-Jan-12,28,15,21.5,-
26-Jan-12,28,14,21,-
27-Jan-12,27.5,15.5,21.5,-
28-Jan-12,29,16.5,22.75,-
29-Jan-12,29,14.5,21.75,-
30-Jan-12,29,14,21.5,-
31-Jan-12,29.5,16,22.75,-
1-Feb-12,30.5,14.5,22.5,-
2-Feb-12,30.5,14.5,22.5,-
3-Feb-12,30.5,13,21.75,-
4-Feb-12,30.5,13,21.75,-
5-Feb-12,31.5,16,23.75,-
6-Feb-12,32,18,25,-
7-Feb-12,32,18,25,-
8-Feb-12,32,17,24.5,-
9-Feb-12,32.5,17,24.75,-
10-Feb-12,32.5,17,24.75,-
11-Feb-12,32,17,24.5,-
12-Feb-12,31.5,20,25.75,-
13-Feb-12,30,14,22,-
14-Feb-12,32,14,23,-
15-Feb-12,32,14,23,-
16-Feb-12,33,18.5,25.75,-
17-Feb-12,33,19.5,26.25,-
18-Feb-12,33,20,26.5,-
19-Feb-12,33,20.2,26.6,-
20-Feb-12,33,18.5,25.75,-
21-Feb-12,31.5,17,24.25,-
22-Feb-12,32,19,25.5,-
23-Feb-12,33,19.5,26.25,-
24-Feb-12,33,19,26,-
25-Feb-12,30,21,25.5,-
26-Feb-12,31,19,25,-
27-Feb-12,30,19,24.5,-
28-Feb-12,31,19,25,-
29-Feb-12,34,21,27.5,15
1-Mar-12,30,19,24.5,-
2-Mar-12,32,19,25.5,-
3-Mar-12,31,20,25.5,-
4-Mar-12,32,20,26,-
5-Mar-12,32,19.5,25.75,-
6-Mar-12,32,19,25.5,-
7-Mar-12,34,22,28,-
8-Mar-12,33.5,20.5,27,-
9-Mar-12,34,21,27.5,-
10-Mar-12,34.5,20,27.25,-
11-Mar-12,34,20,27,-
12-Mar-12,35,20,27.5,-
13-Mar-12,36,19.6,27.8,-
14-Mar-12,34,22,28,-
15-Mar-12,36,21,28.5,-
16-Mar-12,35,22,28.5,-
17-Mar-12,34,19,26.5,-
18-Mar-12,36,21,28.5,-
19-Mar-12,33,20,26.5,-
20-Mar-12,35,19,27,-
21-Mar-12,34,24,29,-
22-Mar-12,35,22,28.5,-
23-Mar-12,34.5,22.5,28.5,-
24-Mar-12,34,23.5,28.75,-
25-Mar-12,34,22.5,28.25,-
26-Mar-12,34,21,27.5,-
27-Mar-12,35,22,28.5,-
28-Mar-12,36,22,29,-
29-Mar-12,36.5,24,30.25,-
30-Mar-12,35,22.5,28.75,-
31-Mar-12,36,24,30,-
1-Apr-12,37,24,30.5,-
2-Apr-12,38,24,31,-
3-Apr-12,25.5,24.5,25,-
4-Apr-12,35.5,25,30.25,-
5-Apr-12,35,25,30,-
6-Apr-12,35,24,29.5,-
7-Apr-12,33,21,27,-
8-Apr-12,35,19,27,4
9-Apr-12,34,19,26.5,34
10-Apr-12,30,20,25,7
11-Apr-12,34,18,26,27
12-Apr-12,34,24,29,-
13-Apr-12,34.5,24,29.25,-
14-Apr-12,34.75,24,29.375,-
15-Apr-12,35,24,29.5,-
16-Apr-12,36,24,30,-
17-Apr-12,35,25,30,-
18-Apr-12,36,26,31,-
19-Apr-12,35,25,30,-
20-Apr-12,36,23,29.5,-
21-Apr-12,36,26,31,2
22-Apr-12,34,26,30,-
23-Apr-12,35,26,30.5,-
24-Apr-12,34,26,30,-
25-Apr-12,35,26,30.5,-
26-Apr-12,36,27,31.5,-
27-Apr-12,35,27,31,-
28-Apr-12,35,26,30.5,-
29-Apr-12,30,22,26,21
30-Apr-12,32,21,26.5,-
1-May-12,33,21,27,-
2-May-12,29,20,24.5,-
3-May-12,34,19,26.5,-
4-May-12,35,24,29.5,-
5-May-12,32.5,24.5,28.5,-
6-May-12,35,24.5,29.75,-
7-May-12,36,24,30,-
8-May-12,36,26,31,4
9-May-12,35,25,30,45
10-May-12,34,25,29.5,29
11-May-12,35,25,30,5
12-May-12,35,26,30.5,-
13-May-12,36,26,31,-
14-May-12,32,24,28,-
15-May-12,34,27,30.5,-
16-May-12,36,23,29.5,4
17-May-12,32,23,27.5,-
18-May-12,35,24.5,29.75,-
19-May-12,37,27,32,-
20-May-12,35,21,28,43
21-May-12,34,20,27,10
22-May-12,35,26,30.5,-
23-May-12,34,28,31,-
24-May-12,36,27,31.5,-
25-May-12,36,25.5,30.75,-
26-May-12,36.5,27,31.75,-
27-May-12,36.5,27,31.75,-
28-May-12,36,27,31.5,-
29-May-12,34,25,29.5,-
30-May-12,36,24,30,12
31-May-12,36,26,31,-
1-Jun-12,34,25,29.5,27
2-Jun-12,30,24,27,25
3-Jun-12,30,22,26,3
4-Jun-12,33,22,27.5,-
5-Jun-12,34,22,28,55
6-Jun-12,30,21,25.5,16
7-Jun-12,34,22,28,-
8-Jun-12,35,22,28.5,2
9-Jun-12,35,22,28.5,-
10-Jun-12,34,25,29.5,-
11-Jun-12,31,25,28,13
12-Jun-12,35,26,30.5,-
13-Jun-12,35,27,31,-
14-Jun-12,34,24,29,-
15-Jun-12,31.5,25.5,28.5,12
16-Jun-12,31,22,26.5,-
17-Jun-12,31.5,22,26.75,31
18-Jun-12,32,25,28.5,54
19-Jun-12,33,25,29,-
20-Jun-12,34,24,29,-
21-Jun-12,34,25,29.5,1
22-Jun-12,33,25,29,-
23-Jun-12,31,25,28,7
24-Jun-12,29,24,26.5,19
25-Jun-12,28,24,26,114
26-Jun-12,26,24,25,125
27-Jun-12,27,23,25,72
28-Jun-12,31,24,27.5,137
29-Jun-12,34,25.5,29.75,-
30-Jun-12,35,25,30,-
1-Jul-12,35,25,30,7
2-Jul-12,35,25,30,1
3-Jul-12,30,26,28,0
4-Jul-12,33,24,28.5,14
5-Jul-12,30.5,25,27.75,37
6-Jul-12,32,25,28.5,10
7-Jul-12,33,25,29,2
8-Jul-12,34,24,29,4
9-Jul-12,33,24,28.5,4
10-Jul-12,32,25,28.5,3
11-Jul-12,31,25,28,8
12-Jul-12,30,25,27.5,15
13-Jul-12,31,25,28,9
14-Jul-12,29,24,26.5,12
15-Jul-12,34,25,29.5,23
16-Jul-12,30,24,27,8
17-Jul-12,31,24,27.5,7
18-Jul-12,28,24,26,71
19-Jul-12,29,25,27,34
20-Jul-12,31,24,27.5,7
21-Jul-12,34,26,30,0
22-Jul-12,31,24.6,27.8,14
23-Jul-12,31.5,25,28.25,29
24-Jul-12,30,24,27,46
25-Jul-12,29,24,26.5,2
26-Jul-12,31,25,28,0
27-Jul-12,30,24,27,11
28-Jul-12,29,25,27,14
29-Jul-12,27,24,25.5,34
30-Jul-12,28,24,26,50
31-Jul-12,28,24,26,3
1-Aug-12,29,24,26.5,8
2-Aug-12,29,25,27,0
3-Aug-12,29,25,27,6
4-Aug-12,29,25,27,2
5-Aug-12,31.5,25,28.25,6
6-Aug-12,34,24,29,8
7-Aug-12,32,24.5,28.25,2
8-Aug-12,32,24,28,8
9-Aug-12,29,24,26.5,2
10-Aug-12,33,24,28.5,-
11-Aug-12,32,25,28.5,4
12-Aug-12,32,23,27.5,123
13-Aug-12,28,24,26,24
14-Aug-12,29,24,26.5,2
15-Aug-12,31,25,28,12
16-Aug-12,32,24,28,9
17-Aug-12,34,24,29,2
18-Aug-12,35,24,29.5,1
19-Aug-12,33.5,24.5,29,1
20-Aug-12,34,23,28.5,7
21-Aug-12,29,25,27,9
22-Aug-12,31,25,28,-
23-Aug-12,34,26,30,-
24-Aug-12,34,25,29.5,-
25-Aug-12,35,25,30,-
26-Aug-12,34,25,29.5,-
27-Aug-12,33,25,29,30
28-Aug-12,34,25,29.5,2
29-Aug-12,33,25,29,-
30-Aug-12,33,24,28.5,-
31-Aug-12,33.5,24.5,29,24
1-Sep-12,33.5,24.5,29,2
2-Sep-12,33.5,24.5,29,24
3-Sep-12,34,24,29,2
4-Sep-12,35,24,29.5,8
5-Sep-12,31,23,27,40
6-Sep-12,32,24,28,43
7-Sep-12,33,24,28.5,1
8-Sep-12,35,27,31,-
9-Sep-12,34,24,29,16
10-Sep-12,31,26,28.5,-
11-Sep-12,33,25,29,15
12-Sep-12,30,25,27.5,2
13-Sep-12,30,24,27,9
14-Sep-12,29.6,24.5,27.05,9
15-Sep-12,33,24.5,28.75,-
16-Sep-12,33,24,28.5,-
17-Sep-12,33.5,24.5,29,3
18-Sep-12,32,25,28.5,-
19-Sep-12,32,24.5,28.25,7
20-Sep-12,34,25,29.5,-
21-Sep-12,35,25,30,-
22-Sep-12,34,25,29.5,-
23-Sep-12,35,26,30.5,-
24-Sep-12,34,26,30,-
25-Sep-12,32,24,28,24
26-Sep-12,34,25,29.5,2
27-Sep-12,35,23,29,39
28-Sep-12,34,25,29.5,3
29-Sep-12,36,24,30,39
30-Sep-12,36,26,31,46
1-Oct-12,30,24,27,-
2-Oct-12,35,25,30,-
3-Oct-12,34,24,29,22
4-Oct-12,34,23.5,28.75,11
5-Oct-12,31,23,27,28
6-Oct-12,28,23,25.5,15
7-Oct-12,34,24,29,-
8-Oct-12,34,24.5,29.25,13
9-Oct-12,33,23.5,28.25,21
10-Oct-12,34,23,28.5,6
11-Oct-12,31,23,27,85
12-Oct-12,27,23,25,35
13-Oct-12,30,23,26.5,-
14-Oct-12,33,23,28,-
15-Oct-12,34,24,29,-
16-Oct-12,33,24,28.5,-
17-Oct-12,33,23.5,28.25,-
18-Oct-12,33.5,23.5,28.5,-
19-Oct-12,34,24.5,29.25,-
20-Oct-12,34,23.5,28.75,-
21-Oct-12,34.5,23.5,29,-
22-Oct-12,34,22,28,-
23-Oct-12,34,22,28,-
24-Oct-12,33.5,22.5,28,-
25-Oct-12,33,22,27.5,-
26-Oct-12,32.5,20,26.25,-
27-Oct-12,31,20,25.5,-
28-Oct-12,32,21,26.5,-
29-Oct-12,34,23,28.5,-
30-Oct-12,34,23.5,28.75,-
31-Oct-12,35,24,29.5,-
1-Nov-12,35.5,24,29.75,-
2-Nov-12,34,24,29,-
3-Nov-12,33,24,28.5,-
4-Nov-12,29.5,23,26.25,-
5-Nov-12,27,21,24,-
6-Nov-12,33,24,28.5,-
7-Nov-12,33,25,29,-
8-Nov-12,30,21,25.5,-
9-Nov-12,30,23,26.5,-
10-Nov-12,30,20,25,-
11-Nov-12,30,19,24.5,-
12-Nov-12,31,19,25,-
13-Nov-12,30,20,25,-
14-Nov-12,29,21,25,-
15-Nov-12,30,20,25,-
16-Nov-12,30,22,26,-
17-Nov-12,29,22,25.5,-
18-Nov-12,32,19,25.5,-
19-Nov-12,34,24.5,29.25,-
20-Nov-12,35,24,29.5,-
21-Nov-12,34.4,24,29.2,-
22-Nov-12,34,22,28,-
23-Nov-12,30,20,25,-
24-Nov-12,29,20,24.5,-
25-Nov-12,29,20,24.5,-
26-Nov-12,29,18,23.5,-
27-Nov-12,28,16,22,-
28-Nov-12,27,16,21.5,-
29-Nov-12,28,16,22,-
30-Nov-12,28.5,16,22.25,-
1-Dec-12,28.5,16,22.25,-
2-Dec-12,26,17,21.5,-
3-Dec-12,30,16,23,-
4-Dec-12,30,16.5,23.25,-
5-Dec-12,30,17,23.5,-
6-Dec-12,29.5,17.5,23.5,-
7-Dec-12,30,17,23.5,-
8-Dec-12,29.5,15,22.25,-
9-Dec-12,28,17,22.5,-
10-Dec-12,28,17,22.5,-
11-Dec-12,29.5,15,22.25,-
12-Dec-12,28,15,21.5,-
13-Dec-12,29,17,23,-
14-Dec-12,29,15,22,-
15-Dec-12,29,17,23,-
16-Dec-12,28,15,21.5,-
17-Dec-12,28,16,22,-
18-Dec-12,28,16,22,-
19-Dec-12,27,16,21.5,-
20-Dec-12,28,15,21.5,-
21-Dec-12,28,14,21,-
22-Dec-12,26,12,19,-
23-Dec-12,27,11,19,-
24-Dec-12,31,14,22.5,-
25-Dec-12,31,13,22,-
26-Dec-12,29,11.625,20.3125,-
27-Dec-12,27,10.25,18.625,-
28-Dec-12,27,10.5,18.75,-
29-Dec-12,26,10,18,-
30-Dec-12,25,10.5,17.75,-
31-Dec-12,27,13,20,-
